{
  "formatVersion": 1,
  "database": {
    "version": 1,
    "identityHash": "b02f33ba92bae9da8a3dea8e39d3f595",
    "entities": [
      {
        "tableName": "msg_table",
        "createSql": "CREATE TABLE IF NOT EXISTS `${TABLE_NAME}` (`id` INTEGER PRIMARY KEY AUTOINCREMENT NOT NULL, `msgId` TEXT NOT NULL, `senderId` INTEGER NOT NULL, `groupId` INTEGER, `groupGUID` TEXT, `receiverId` TEXT, `receiverName` TEXT, `senderGuid` TEXT NOT NULL, `senderName` TEXT NOT NULL, `content` TEXT NOT NULL, `status` INTEGER NOT NULL, `date` INTEGER NOT NULL, `kind` INTEGER NOT NULL, `taggedMsgId` TEXT, FOREIGN KEY(`senderId`) REFERENCES `contacts_table`(`id`) ON UPDATE CASCADE ON DELETE CASCADE )",
        "fields": [
          {
            "fieldPath": "id",
            "columnName": "id",
            "affinity": "INTEGER",
            "notNull": true
          },
          {
            "fieldPath": "msgId",
            "columnName": "msgId",
            "affinity": "TEXT",
            "notNull": true
          },
          {
            "fieldPath": "senderId",
            "columnName": "senderId",
            "affinity": "INTEGER",
            "notNull": true
          },
          {
            "fieldPath": "groupId",
            "columnName": "groupId",
            "affinity": "INTEGER",
            "notNull": false
          },
          {
            "fieldPath": "groupGUID",
            "columnName": "groupGUID",
            "affinity": "TEXT",
            "notNull": false
          },
          {
            "fieldPath": "receiverId",
            "columnName": "receiverId",
            "affinity": "TEXT",
            "notNull": false
          },
          {
            "fieldPath": "receiverName",
            "columnName": "receiverName",
            "affinity": "TEXT",
            "notNull": false
          },
          {
            "fieldPath": "senderGUID",
            "columnName": "senderGuid",
            "affinity": "TEXT",
            "notNull": true
          },
          {
            "fieldPath": "senderName",
            "columnName": "senderName",
            "affinity": "TEXT",
            "notNull": true
          },
          {
            "fieldPath": "content",
            "columnName": "content",
            "affinity": "TEXT",
            "notNull": true
          },
          {
            "fieldPath": "status",
            "columnName": "status",
            "affinity": "INTEGER",
            "notNull": true
          },
          {
            "fieldPath": "date",
            "columnName": "date",
            "affinity": "INTEGER",
            "notNull": true
          },
          {
            "fieldPath": "kind",
            "columnName": "kind",
            "affinity": "INTEGER",
            "notNull": true
          },
          {
            "fieldPath": "taggedMsgId",
            "columnName": "taggedMsgId",
            "affinity": "TEXT",
            "notNull": false
          }
        ],
        "primaryKey": {
          "columnNames": [
            "id"
          ],
          "autoGenerate": true
        },
        "indices": [
          {
            "name": "index_msg_table_id",
            "unique": true,
            "columnNames": [
              "id"
            ],
            "orders": [],
            "createSql": "CREATE UNIQUE INDEX IF NOT EXISTS `index_msg_table_id` ON `${TABLE_NAME}` (`id`)"
          },
          {
            "name": "index_msg_table_senderId",
            "unique": false,
            "columnNames": [
              "senderId"
            ],
            "orders": [],
            "createSql": "CREATE INDEX IF NOT EXISTS `index_msg_table_senderId` ON `${TABLE_NAME}` (`senderId`)"
          },
          {
            "name": "index_msg_table_groupId",
            "unique": false,
            "columnNames": [
              "groupId"
            ],
            "orders": [],
            "createSql": "CREATE INDEX IF NOT EXISTS `index_msg_table_groupId` ON `${TABLE_NAME}` (`groupId`)"
          },
          {
            "name": "index_msg_table_groupGUID",
            "unique": false,
            "columnNames": [
              "groupGUID"
            ],
            "orders": [],
            "createSql": "CREATE INDEX IF NOT EXISTS `index_msg_table_groupGUID` ON `${TABLE_NAME}` (`groupGUID`)"
          },
          {
            "name": "index_msg_table_receiverId",
            "unique": false,
            "columnNames": [
              "receiverId"
            ],
            "orders": [],
            "createSql": "CREATE INDEX IF NOT EXISTS `index_msg_table_receiverId` ON `${TABLE_NAME}` (`receiverId`)"
          },
          {
            "name": "index_msg_table_receiverName",
            "unique": false,
            "columnNames": [
              "receiverName"
            ],
            "orders": [],
            "createSql": "CREATE INDEX IF NOT EXISTS `index_msg_table_receiverName` ON `${TABLE_NAME}` (`receiverName`)"
          },
          {
            "name": "index_msg_table_senderGuid",
            "unique": false,
            "columnNames": [
              "senderGuid"
            ],
            "orders": [],
            "createSql": "CREATE INDEX IF NOT EXISTS `index_msg_table_senderGuid` ON `${TABLE_NAME}` (`senderGuid`)"
          },
          {
            "name": "index_msg_table_senderName",
            "unique": false,
            "columnNames": [
              "senderName"
            ],
            "orders": [],
            "createSql": "CREATE INDEX IF NOT EXISTS `index_msg_table_senderName` ON `${TABLE_NAME}` (`senderName`)"
          }
        ],
        "foreignKeys": [
          {
            "table": "contacts_table",
            "onDelete": "CASCADE",
            "onUpdate": "CASCADE",
            "columns": [
              "senderId"
            ],
            "referencedColumns": [
              "id"
            ]
          }
        ]
      },
      {
        "tableName": "groups_table",
        "createSql": "CREATE TABLE IF NOT EXISTS `${TABLE_NAME}` (`id` INTEGER PRIMARY KEY AUTOINCREMENT NOT NULL, `item_id` TEXT NOT NULL, `_title` TEXT NOT NULL, `_content` TEXT NOT NULL, `_fcontent` TEXT NOT NULL, `_seen` INTEGER NOT NULL, `_photo` TEXT, `_date` INTEGER NOT NULL)",
        "fields": [
          {
            "fieldPath": "id",
            "columnName": "id",
            "affinity": "INTEGER",
            "notNull": true
          },
          {
            "fieldPath": "itemId",
            "columnName": "item_id",
            "affinity": "TEXT",
            "notNull": true
          },
          {
            "fieldPath": "title",
            "columnName": "_title",
            "affinity": "TEXT",
            "notNull": true
          },
          {
            "fieldPath": "content",
            "columnName": "_content",
            "affinity": "TEXT",
            "notNull": true
          },
          {
            "fieldPath": "fullContent",
            "columnName": "_fcontent",
            "affinity": "TEXT",
            "notNull": true
          },
          {
            "fieldPath": "seen",
            "columnName": "_seen",
            "affinity": "INTEGER",
            "notNull": true
          },
          {
            "fieldPath": "icon",
            "columnName": "_photo",
            "affinity": "TEXT",
            "notNull": false
          },
          {
            "fieldPath": "date",
            "columnName": "_date",
            "affinity": "INTEGER",
            "notNull": true
          }
        ],
        "primaryKey": {
          "columnNames": [
            "id"
          ],
          "autoGenerate": true
        },
        "indices": [
          {
            "name": "index_groups_table_id",
            "unique": true,
            "columnNames": [
              "id"
            ],
            "orders": [],
            "createSql": "CREATE UNIQUE INDEX IF NOT EXISTS `index_groups_table_id` ON `${TABLE_NAME}` (`id`)"
          }
        ],
        "foreignKeys": []
      },
      {
        "tableName": "contacts_table",
        "createSql": "CREATE TABLE IF NOT EXISTS `${TABLE_NAME}` (`id` INTEGER PRIMARY KEY AUTOINCREMENT NOT NULL, `userId` TEXT NOT NULL, `name` TEXT NOT NULL, `emails` TEXT NOT NULL, `phone` TEXT NOT NULL, `otherPhones` TEXT NOT NULL, `photo` TEXT, `date` INTEGER NOT NULL)",
        "fields": [
          {
            "fieldPath": "id",
            "columnName": "id",
            "affinity": "INTEGER",
            "notNull": true
          },
          {
            "fieldPath": "userId",
            "columnName": "userId",
            "affinity": "TEXT",
            "notNull": true
          },
          {
            "fieldPath": "name",
            "columnName": "name",
            "affinity": "TEXT",
            "notNull": true
          },
          {
            "fieldPath": "emails",
            "columnName": "emails",
            "affinity": "TEXT",
            "notNull": true
          },
          {
            "fieldPath": "phone",
            "columnName": "phone",
            "affinity": "TEXT",
            "notNull": true
          },
          {
            "fieldPath": "otherPhones",
            "columnName": "otherPhones",
            "affinity": "TEXT",
            "notNull": true
          },
          {
            "fieldPath": "photo",
            "columnName": "photo",
            "affinity": "TEXT",
            "notNull": false
          },
          {
            "fieldPath": "date",
            "columnName": "date",
            "affinity": "INTEGER",
            "notNull": true
          }
        ],
        "primaryKey": {
          "columnNames": [
            "id"
          ],
          "autoGenerate": true
        },
        "indices": [
          {
            "name": "index_contacts_table_id_phone",
            "unique": true,
            "columnNames": [
              "id",
              "phone"
            ],
            "orders": [],
            "createSql": "CREATE UNIQUE INDEX IF NOT EXISTS `index_contacts_table_id_phone` ON `${TABLE_NAME}` (`id`, `phone`)"
          }
        ],
        "foreignKeys": []
      },
      {
        "tableName": "gm_bridge",
        "createSql": "CREATE TABLE IF NOT EXISTS `${TABLE_NAME}` (`groupId` INTEGER NOT NULL, `userId` INTEGER NOT NULL, PRIMARY KEY(`groupId`, `userId`))",
        "fields": [
          {
            "fieldPath": "groupId",
            "columnName": "groupId",
            "affinity": "INTEGER",
            "notNull": true
          },
          {
            "fieldPath": "userId",
            "columnName": "userId",
            "affinity": "INTEGER",
            "notNull": true
          }
        ],
        "primaryKey": {
          "columnNames": [
            "groupId",
            "userId"
          ],
          "autoGenerate": false
        },
        "indices": [],
        "foreignKeys": []
      }
    ],
    "views": [],
    "setupQueries": [
      "CREATE TABLE IF NOT EXISTS room_master_table (id INTEGER PRIMARY KEY,identity_hash TEXT)",
      "INSERT OR REPLACE INTO room_master_table (id,identity_hash) VALUES(42, 'b02f33ba92bae9da8a3dea8e39d3f595')"
    ]
  }
}